Source,CH1,CH2,CH3,CH4
Second,Value,Value,Value,Value
-3.500000E-07,-5.600001E-04,-3.999993E-04,-1.000000E-02,-1.810000E+00
-3.480000E-07,-4.000000E-04,+3.999993E-04,-1.000000E-02,-1.810000E+00
-3.460000E-07,-4.799999E-04,+3.999993E-04,-1.000000E-02,-1.810000E+00
-3.440000E-07,-4.799999E-04,-3.999993E-04,-1.000000E-02,-1.810000E+00
-3.420000E-07,-4.799999E-04,-3.999993E-04,-1.000000E-02,-1.810000E+00
-3.400000E-07,-4.000000E-04,+3.999993E-04,-1.000000E-02,-1.810000E+00
-3.380000E-07,-7.199999E-04,-3.999993E-04,-1.000000E-02,-1.810000E+00
-3.360000E-07,-3.199999E-04,+3.999993E-04,-1.000000E-02,-1.810000E+00
-3.340000E-07,-7.199999E-04,-3.999993E-04,-1.000000E-02,-1.810000E+00
-3.320000E-07,-4.799999E-04,+3.999993E-04,-1.000000E-02,-1.810000E+00
-3.300000E-07,-4.799999E-04,-3.999993E-04,-1.000000E-02,-1.810000E+00
-3.280000E-07,-4.000000E-04,+1.199998E-03,-1.000000E-02,-1.810000E+00
-3.260000E-07,-7.199999E-04,-3.999993E-04,-1.000000E-02,-1.810000E+00
-3.240000E-07,-3.199999E-04,+3.999993E-04,-1.000000E-02,-1.810000E+00
-3.220000E-07,-6.800001E-04,-3.999993E-04,-1.000000E-02,-1.810000E+00
-3.200000E-07,-5.600001E-04,-3.999993E-04,-1.000000E-02,-1.810000E+00
-3.180000E-07,-4.400001E-04,+3.999993E-04,-1.000000E-02,-1.810000E+00
-3.160000E-07,-4.799999E-04,+3.999993E-04,-1.000000E-02,-1.810000E+00
-3.140000E-07,-8.000000E-04,+3.999993E-04,-1.000000E-02,-1.810000E+00
-3.120000E-07,-4.000000E-04,-3.999993E-04,-1.000000E-02,-1.810000E+00
-3.100000E-07,-7.199999E-04,+3.999993E-04,-1.000000E-02,-1.810000E+00
-3.080000E-07,-4.400001E-04,-3.999993E-04,-1.000000E-02,-1.810000E+00
-3.060000E-07,-5.200000E-04,+3.999993E-04,-1.000000E-02,-1.810000E+00
-3.040000E-07,-5.600001E-04,-3.999993E-04,-1.000000E-02,-1.810000E+00
-3.020000E-07,-8.000000E-04,-3.999993E-04,-1.000000E-02,-1.810000E+00
-3.000000E-07,-3.599999E-04,-3.999993E-04,-1.000000E-02,-1.810000E+00
-2.980000E-07,-5.200000E-04,+3.999993E-04,-1.000000E-02,-1.810000E+00
-2.960000E-07,-5.600001E-04,-3.999993E-04,-1.000000E-02,-1.810000E+00
-2.940000E-07,-4.000000E-04,-3.999993E-04,-1.000000E-02,-1.810000E+00
-2.920000E-07,-3.599999E-04,+3.999993E-04,-1.000000E-02,-1.810000E+00
-2.900000E-07,-8.000000E-04,-3.999993E-04,-1.000000E-02,-1.810000E+00
-2.880000E-07,-2.400000E-04,+3.999993E-04,-1.000000E-02,-1.810000E+00
-2.860000E-07,-5.600001E-04,+3.999993E-04,-1.000000E-02,-1.810000E+00
-2.840000E-07,-3.599999E-04,+3.999993E-04,-1.000000E-02,-1.810000E+00
-2.820000E-07,-6.400000E-04,+3.999993E-04,-1.000000E-02,-1.810000E+00
-2.800000E-07,-5.200000E-04,+3.999993E-04,-1.000000E-02,-1.810000E+00
-2.780000E-07,-7.199999E-04,+3.999993E-04,-1.000000E-02,-1.810000E+00
-2.760000E-07,-2.800000E-04,+3.999993E-04,-1.000000E-02,-1.810000E+00
-2.740000E-07,-4.000000E-04,-3.999993E-04,-1.000000E-02,-1.810000E+00
-2.720000E-07,-5.999999E-04,+3.999993E-04,-1.000000E-02,-1.810000E+00
-2.700000E-07,-4.400001E-04,+3.999993E-04,-1.000000E-02,-1.810000E+00
-2.680000E-07,-5.600001E-04,-3.999993E-04,-1.000000E-02,-1.810000E+00
-2.660000E-07,-4.000000E-04,-3.999993E-04,-1.000000E-02,-1.810000E+00
-2.640000E-07,-4.400001E-04,-3.999993E-04,-1.000000E-02,-1.810000E+00
-2.620000E-07,-4.400001E-04,+3.999993E-04,-1.000000E-02,-1.810000E+00
-2.600000E-07,-7.199999E-04,+3.999993E-04,-1.000000E-02,-1.810000E+00
-2.580000E-07,-4.000000E-04,+1.199998E-03,-1.000000E-02,-1.810000E+00
-2.560000E-07,-4.400001E-04,+3.999993E-04,-1.000000E-02,-1.810000E+00
-2.540000E-07,-5.200000E-04,-3.999993E-04,-1.000000E-02,-1.810000E+00
-2.520000E-07,-4.799999E-04,+3.999993E-04,-1.000000E-02,-1.810000E+00
-2.500000E-07,-4.799999E-04,-3.999993E-04,-1.000000E-02,-1.810000E+00
-2.480000E-07,-5.200000E-04,+3.999993E-04,-1.000000E-02,-1.810000E+00
-2.460000E-07,-4.400001E-04,-3.999993E-04,-1.000000E-02,-1.810000E+00
-2.440000E-07,-4.400001E-04,+3.999993E-04,-1.000000E-02,-1.810000E+00
-2.420000E-07,-8.399999E-04,+3.999993E-04,-1.000000E-02,-1.810000E+00
-2.400000E-07,-3.199999E-04,+3.999993E-04,-1.000000E-02,-1.810000E+00
-2.380000E-07,-7.199999E-04,+3.999993E-04,-1.000000E-02,-1.810000E+00
-2.360000E-07,-1.999999E-04,-3.999993E-04,-1.000000E-02,-1.810000E+00
-2.340000E-07,-6.400000E-04,+3.999993E-04,-1.000000E-02,-1.810000E+00
-2.320000E-07,-2.800000E-04,+1.199998E-03,-1.000000E-02,-1.790000E+00
-2.300000E-07,-6.800001E-04,+3.999993E-04,-1.000000E-02,-1.810000E+00
-2.280000E-07,-2.400000E-04,-3.999993E-04,-1.000000E-02,-1.810000E+00
-2.260000E-07,-4.799999E-04,+3.999993E-04,-1.000000E-02,-1.810000E+00
-2.240000E-07,-5.600001E-04,-3.999993E-04,-1.000000E-02,-1.810000E+00
-2.220000E-07,-5.600001E-04,+3.999993E-04,-1.000000E-02,-1.810000E+00
-2.200000E-07,-5.200000E-04,+3.999993E-04,-1.000000E-02,-1.810000E+00
-2.180000E-07,-4.000000E-04,+3.999993E-04,-1.000000E-02,-1.810000E+00
-2.160000E-07,-5.999999E-04,+3.999993E-04,-1.000000E-02,-1.810000E+00
-2.140000E-07,-3.599999E-04,+3.999993E-04,-1.000000E-02,-1.810000E+00
-2.120000E-07,-7.600000E-04,+3.999993E-04,-1.000000E-02,-1.810000E+00
-2.100000E-07,-3.599999E-04,-3.999993E-04,-1.000000E-02,-1.810000E+00
-2.080000E-07,-5.600001E-04,-3.999993E-04,-1.000000E-02,-1.810000E+00
-2.060000E-07,-5.200000E-04,-3.999993E-04,-1.000000E-02,-1.810000E+00
-2.040000E-07,-5.999999E-04,-3.999993E-04,-1.000000E-02,-1.810000E+00
-2.020000E-07,-5.200000E-04,-3.999993E-04,-1.000000E-02,-1.810000E+00
-2.000000E-07,-4.400001E-04,+3.999993E-04,-1.000000E-02,-1.790000E+00
-1.980000E-07,-4.799999E-04,-3.999993E-04,-1.000000E-02,-1.810000E+00
-1.960000E-07,-3.599999E-04,+3.999993E-04,-1.000000E-02,-1.810000E+00
-1.940000E-07,-5.600001E-04,+3.999993E-04,-1.000000E-02,-1.810000E+00
-1.920000E-07,-1.999999E-04,-3.999993E-04,-1.000000E-02,-1.810000E+00
-1.900000E-07,-5.600001E-04,-3.999993E-04,-1.000000E-02,-1.810000E+00
-1.880000E-07,-3.599999E-04,-3.999993E-04,-1.000000E-02,-1.810000E+00
-1.860000E-07,-6.400000E-04,+3.999993E-04,-1.000000E-02,-1.810000E+00
-1.840000E-07,-5.600001E-04,-3.999993E-04,-1.000000E-02,-1.810000E+00
-1.820000E-07,-6.400000E-04,-3.999993E-04,-1.000000E-02,-1.810000E+00
-1.800000E-07,-3.599999E-04,+3.999993E-04,-1.000000E-02,-1.810000E+00
-1.780000E-07,-4.000000E-04,+3.999993E-04,-1.000000E-02,-1.810000E+00
-1.760000E-07,-7.600000E-04,-3.999993E-04,-1.000000E-02,-1.810000E+00
-1.740000E-07,-3.199999E-04,+3.999993E-04,-1.000000E-02,-1.810000E+00
-1.720000E-07,-5.999999E-04,+3.999993E-04,-1.000000E-02,-1.810000E+00
-1.700000E-07,-4.400001E-04,+3.999993E-04,-1.000000E-02,-1.810000E+00
-1.680000E-07,-6.400000E-04,-3.999993E-04,-1.000000E-02,-1.830000E+00
-1.660000E-07,-4.400001E-04,-3.999993E-04,-1.000000E-02,-1.810000E+00
-1.640000E-07,-8.000000E-04,+3.999993E-04,-1.000000E-02,-1.810000E+00
-1.620000E-07,-3.199999E-04,+3.999993E-04,-1.000000E-02,-1.810000E+00
-1.600000E-07,-5.200000E-04,-3.999993E-04,-1.000000E-02,-1.810000E+00
-1.580000E-07,-5.600001E-04,-3.999993E-04,-1.000000E-02,-1.810000E+00
-1.560000E-07,-5.200000E-04,+1.199998E-03,-1.000000E-02,-1.810000E+00
-1.540000E-07,-6.800001E-04,-3.999993E-04,-1.000000E-02,-1.810000E+00
-1.520000E-07,-5.200000E-04,+3.999993E-04,-1.000000E-02,-1.830000E+00
-1.500000E-07,-4.799999E-04,-3.999993E-04,-1.000000E-02,-1.810000E+00
-1.480000E-07,-3.199999E-04,-3.999993E-04,-1.000000E-02,-1.810000E+00
-1.460000E-07,-7.199999E-04,-3.999993E-04,-1.000000E-02,-1.810000E+00
-1.440000E-07,-4.000000E-04,+3.999993E-04,-1.000000E-02,-1.810000E+00
-1.420000E-07,-6.800001E-04,-1.200002E-03,-1.000000E-02,-1.810000E+00
-1.400000E-07,-3.599999E-04,+3.999993E-04,-1.000000E-02,-1.810000E+00
-1.380000E-07,-7.199999E-04,+3.999993E-04,-1.000000E-02,-1.810000E+00
-1.360000E-07,-4.000000E-04,+3.999993E-04,-1.000000E-02,-1.810000E+00
-1.340000E-07,-7.600000E-04,-1.200002E-03,-1.000000E-02,-1.810000E+00
-1.320000E-07,-7.999991E-05,-3.999993E-04,-1.000000E-02,-1.810000E+00
-1.300000E-07,-5.999999E-04,-3.999993E-04,-1.000000E-02,-1.810000E+00
-1.280000E-07,-5.600001E-04,-3.999993E-04,-1.000000E-02,-1.810000E+00
-1.260000E-07,-5.999999E-04,+3.999993E-04,-1.000000E-02,-1.810000E+00
-1.240000E-07,-4.799999E-04,-3.999993E-04,-1.000000E-02,-1.810000E+00
-1.220000E-07,-3.599999E-04,-3.999993E-04,-1.000000E-02,-1.810000E+00
-1.200000E-07,-5.600001E-04,+3.999993E-04,-1.000000E-02,-1.810000E+00
-1.180000E-07,-4.000000E-04,-3.999993E-04,-1.000000E-02,-1.810000E+00
-1.160000E-07,-8.000000E-04,+3.999993E-04,-1.000000E-02,-1.810000E+00
-1.140000E-07,-2.400000E-04,-3.999993E-04,-1.000000E-02,-1.810000E+00
-1.120000E-07,-7.199999E-04,-3.999993E-04,-1.000000E-02,-1.810000E+00
-1.100000E-07,-3.599999E-04,-3.999993E-04,-1.000000E-02,-1.810000E+00
-1.080000E-07,-5.600001E-04,+3.999993E-04,-1.000000E-02,-1.810000E+00
-1.060000E-07,-5.600001E-04,-3.999993E-04,-1.000000E-02,-1.810000E+00
-1.040000E-07,-5.200000E-04,-3.999993E-04,-1.000000E-02,-1.810000E+00
-1.020000E-07,-3.599999E-04,+3.999993E-04,-1.000000E-02,-1.810000E+00
-1.000000E-07,-4.000000E-04,+3.999993E-04,-1.000000E-02,-1.810000E+00
-9.800000E-08,-6.800001E-04,+3.999993E-04,-1.000000E-02,-1.810000E+00
-9.600000E-08,-3.199999E-04,-3.999993E-04,-1.000000E-02,-1.830000E+00
-9.400000E-08,-7.600000E-04,-3.999993E-04,-1.000000E-02,-1.810000E+00
-9.200000E-08,-7.999991E-05,+3.999993E-04,-1.000000E-02,-1.810000E+00
-9.000000E-08,-6.800001E-04,+3.999993E-04,-1.000000E-02,-1.810000E+00
-8.800000E-08,-3.199999E-04,+3.999993E-04,-1.000000E-02,-1.810000E+00
-8.600000E-08,-7.199999E-04,+3.999993E-04,-1.000000E-02,-1.810000E+00
-8.400000E-08,-1.600001E-04,+3.999993E-04,-1.000000E-02,-1.790000E+00
-8.200000E-08,-6.800001E-04,+3.999993E-04,-1.000000E-02,-1.790000E+00
-8.000000E-08,-5.200000E-04,-3.999993E-04,-1.000000E-02,-1.790000E+00
-7.800000E-08,-5.200000E-04,+3.999993E-04,-1.000000E-02,-1.790000E+00
-7.600000E-08,-5.999999E-04,-3.999993E-04,-1.000000E-02,-1.810000E+00
-7.400000E-08,-3.599999E-04,+3.999993E-04,-1.000000E-02,-1.810000E+00
-7.200000E-08,-6.800001E-04,-3.999993E-04,-1.000000E-02,-1.830000E+00
-7.000000E-08,-1.999999E-04,+3.999993E-04,-1.000000E-02,-1.830000E+00
-6.800000E-08,-6.800001E-04,-3.999993E-04,-1.000000E-02,-1.850000E+00
-6.600000E-08,-2.800000E-04,-3.999993E-04,-1.000000E-02,-1.830000E+00
-6.400000E-08,-5.999999E-04,-3.999993E-04,-1.000000E-02,-1.830000E+00
-6.200000E-08,-5.200000E-04,+3.999993E-04,-1.000000E-02,-1.810000E+00
-6.000000E-08,-4.799999E-04,+3.999993E-04,-1.000000E-02,-1.790000E+00
-5.800000E-08,-6.800001E-04,-3.999993E-04,-1.000000E-02,-1.770000E+00
-5.600000E-08,-5.200000E-04,-3.999993E-04,-1.000000E-02,-1.750000E+00
-5.400000E-08,-3.599999E-04,-3.999993E-04,-1.000000E-02,-1.770000E+00
-5.200000E-08,-2.400000E-04,+3.999993E-04,-1.000000E-02,-1.770000E+00
-5.000000E-08,-9.600001E-04,+1.199998E-03,-1.000000E-02,-1.790000E+00
-4.800000E-08,-3.199999E-04,+3.999993E-04,-1.000000E-02,-1.830000E+00
-4.600000E-08,-6.800001E-04,+3.999993E-04,-1.000000E-02,-1.850000E+00
-4.400000E-08,-2.800000E-04,+3.999993E-04,-1.000000E-02,-1.870000E+00
-4.200000E-08,-6.400000E-04,+3.999993E-04,-1.000000E-02,-1.870000E+00
-4.000000E-08,-1.999999E-04,+3.999993E-04,-1.000000E-02,-1.870000E+00
-3.800000E-08,-7.600000E-04,-3.999993E-04,-1.000000E-02,-1.850000E+00
-3.600000E-08,-2.400000E-04,-3.999993E-04,-1.000000E-02,-1.830000E+00
-3.400000E-08,-4.799999E-04,+3.999993E-04,-1.000000E-02,-1.770000E+00
-3.200000E-08,-7.199999E-04,-3.999993E-04,-1.000000E-02,-1.730000E+00
-3.000000E-08,-5.600001E-04,+3.999993E-04,-1.000000E-02,-1.690000E+00
-2.800000E-08,-5.600001E-04,+1.199998E-03,-1.000000E-02,-1.690000E+00
-2.600000E-08,-4.400001E-04,+3.999993E-04,-1.000000E-02,-1.730000E+00
-2.400000E-08,-5.999999E-04,-3.999993E-04,-1.000000E-02,-1.730000E+00
-2.200000E-08,-1.600001E-04,+1.199998E-03,-1.000000E-02,-1.810000E+00
-2.000000E-08,-5.999999E-04,+3.999993E-04,-1.000000E-02,-1.890000E+00
-1.800000E-08,-1.999999E-04,+3.999993E-04,-1.000000E-02,-1.970000E+00
-1.600000E-08,-6.400000E-04,+1.199998E-03,-1.000000E-02,-2.030000E+00
-1.400000E-08,-4.400001E-04,-3.999993E-04,-1.000000E-02,-2.010000E+00
-1.200000E-08,-4.000000E-04,-3.999993E-04,-1.000000E-02,-1.950000E+00
-1.000000E-08,-7.199999E-04,+3.999993E-04,-1.000000E-02,-1.870000E+00
-8.000000E-09,-5.200000E-04,-3.999993E-04,-1.000000E-02,-1.650000E+00
-6.000000E-09,-5.999999E-04,+3.999993E-04,-1.000000E-02,-1.290000E+00
-4.000000E-09,-5.600001E-04,+3.999993E-04,-1.000000E-02,-9.700000E-01
-2.000000E-09,-1.040000E-03,-3.999993E-04,-1.000000E-02,-6.100000E-01
+5.293956E-23,-5.999999E-04,+3.999993E-04,-1.000000E-02,-1.900000E-01
+2.000000E-09,-6.400000E-04,+1.199998E-03,-1.000000E-02,+1.900000E-01
+4.000000E-09,-4.799999E-04,+1.199998E-03,-1.000000E-02,+5.100001E-01
+6.000000E-09,-7.199999E-04,-3.999993E-04,-1.000000E-02,+7.499999E-01
+8.000000E-09,-3.199999E-04,+3.999993E-04,-1.000000E-02,+9.700000E-01
+1.000000E-08,-5.600001E-04,+1.199998E-03,-1.000000E-02,+1.130000E+00
+1.200000E-08,+7.999991E-05,-3.999993E-04,-1.000000E-02,+1.270000E+00
+1.400000E-08,-3.199999E-04,+3.999993E-04,-1.000000E-02,+1.350000E+00
+1.600000E-08,-4.799999E-04,+1.199998E-03,-1.000000E-02,+1.410000E+00
+1.800000E-08,-1.200000E-04,+3.999993E-04,-1.000000E-02,+1.490000E+00
+2.000000E-08,-1.999999E-04,-3.999993E-04,-1.000000E-02,+1.610000E+00
+2.200000E-08,-1.200000E-04,+3.999993E-04,-1.000000E-02,+1.650000E+00
+2.400000E-08,-4.000000E-04,-3.999993E-04,-1.000000E-02,+1.710000E+00
+2.600000E-08,-2.400000E-04,+3.999993E-04,-1.000000E-02,+1.710000E+00
+2.800000E-08,-7.199999E-04,-3.999993E-04,-1.000000E-02,+1.710000E+00
+3.000000E-08,-3.199999E-04,-9.199999E-03,-1.000000E-02,+1.670000E+00
+3.200000E-08,-6.400000E-04,-4.040000E-02,-1.000000E-02,+1.530000E+00
+3.400000E-08,-5.999999E-04,-6.680000E-02,-1.000000E-02,+1.290000E+00
+3.600000E-08,-5.600001E-04,-6.760000E-02,-1.000000E-02,+1.050000E+00
+3.800000E-08,-5.600001E-04,-7.400000E-02,-1.000000E-02,+7.300000E-01
+4.000000E-08,-5.999999E-04,-7.640000E-02,-1.000000E-02,+3.100000E-01
+4.200000E-08,-4.400001E-04,-7.480000E-02,-1.000000E-02,-8.999997E-02
+4.400000E-08,-3.199999E-04,-7.480000E-02,-1.000000E-02,-4.500000E-01
+4.600000E-08,-5.200000E-04,-7.799999E-02,-1.000000E-02,-7.700000E-01
+4.800000E-08,-5.200000E-04,-6.920000E-02,-1.000000E-02,-1.050000E+00
+5.000000E-08,-7.600000E-04,-6.520000E-02,-1.000000E-02,-1.290000E+00
+5.200000E-08,-4.799999E-04,-6.440000E-02,-1.000000E-02,-1.450000E+00
+5.400000E-08,-8.000000E-04,-6.040000E-02,-1.000000E-02,-1.510000E+00
+5.600000E-08,-5.600001E-04,-5.640000E-02,-1.000000E-02,-1.530000E+00
+5.800000E-08,-9.999999E-04,-5.480000E-02,-1.000000E-02,-1.570000E+00
+6.000000E-08,-5.999999E-04,-5.160000E-02,-1.000000E-02,-1.590000E+00
+6.200000E-08,-8.000000E-04,-4.600000E-02,-1.000000E-02,-1.590000E+00
+6.400000E-08,-6.800001E-04,-4.360000E-02,-1.000000E-02,-1.590000E+00
+6.600000E-08,-5.600001E-04,-4.200000E-02,-1.000000E-02,-1.630000E+00
+6.800000E-08,-6.400000E-04,-3.960000E-02,-1.000000E-02,-1.690000E+00
+7.000000E-08,-5.999999E-04,-3.720000E-02,-1.000000E-02,-1.730000E+00
+7.200000E-08,-5.200000E-04,-3.560000E-02,-1.000000E-02,-1.790000E+00
+7.400000E-08,-1.999999E-04,-3.320000E-02,-1.000000E-02,-1.830000E+00
+7.600000E-08,-5.999999E-04,-3.080000E-02,-1.000000E-02,-1.870000E+00
+7.800000E-08,+4.000007E-05,-2.920000E-02,-1.000000E-02,-1.890000E+00
+8.000000E-08,-3.199999E-04,-2.680000E-02,-1.000000E-02,-1.890000E+00
+8.200000E-08,-9.200000E-04,-2.680000E-02,-1.000000E-02,-1.870000E+00
+8.400000E-08,-1.320000E-03,-2.440000E-02,-1.000000E-02,-1.870000E+00
+8.600000E-08,-9.200000E-04,-2.280000E-02,-1.000000E-02,-1.830000E+00
+8.800000E-08,-7.199999E-04,-2.200000E-02,-1.000000E-02,-1.810000E+00
+9.000000E-08,-9.600001E-04,-2.200000E-02,-1.000000E-02,-1.790000E+00
+9.200000E-08,-9.999999E-04,-1.960000E-02,-1.000000E-02,-1.790000E+00
+9.400000E-08,-2.280000E-03,-1.800000E-02,-1.000000E-02,-1.790000E+00
+9.600000E-08,-2.120000E-03,-1.720000E-02,-1.000000E-02,-1.790000E+00
+9.800000E-08,-1.720000E-03,-1.720000E-02,-1.000000E-02,-1.790000E+00
+1.000000E-07,-1.040000E-03,-1.640000E-02,-1.000000E-02,-1.810000E+00
+1.020000E-07,-1.880000E-03,-1.480000E-02,-1.000000E-02,-1.810000E+00
+1.040000E-07,-2.360000E-03,-1.320000E-02,-1.000000E-02,-1.830000E+00
+1.060000E-07,-2.800000E-03,-1.240000E-02,-1.000000E-02,-1.810000E+00
+1.080000E-07,-1.360000E-03,-1.240000E-02,-1.000000E-02,-1.810000E+00
+1.100000E-07,-1.800000E-03,-1.160000E-02,-1.000000E-02,-1.810000E+00
+1.120000E-07,-1.640000E-03,-1.160000E-02,-1.000000E-02,-1.810000E+00
+1.140000E-07,-1.480000E-03,-1.000000E-02,-1.000000E-02,-1.790000E+00
+1.160000E-07,-1.720000E-03,-1.000000E-02,-1.000000E-02,-1.790000E+00
+1.180000E-07,-1.360000E-03,-1.000000E-02,-1.000000E-02,-1.790000E+00
+1.200000E-07,-1.480000E-03,-8.400001E-03,-1.000000E-02,-1.810000E+00
+1.220000E-07,-1.160000E-03,-8.400001E-03,-1.000000E-02,-1.810000E+00
+1.240000E-07,-1.640000E-03,-7.600002E-03,-1.000000E-02,-1.810000E+00
+1.260000E-07,-9.999999E-04,-7.600002E-03,-1.000000E-02,-1.810000E+00
+1.280000E-07,-1.440000E-03,-7.600002E-03,-1.000000E-02,-1.810000E+00
+1.300000E-07,-1.280000E-03,-6.000001E-03,-1.000000E-02,-1.810000E+00
+1.320000E-07,-1.320000E-03,-6.000001E-03,-1.000000E-02,-1.810000E+00
+1.340000E-07,-1.040000E-03,-6.000001E-03,-1.000000E-02,-1.810000E+00
+1.360000E-07,-1.120000E-03,-5.199999E-03,-1.000000E-02,-1.810000E+00
+1.380000E-07,-8.399999E-04,-4.400000E-03,-1.000000E-02,-1.810000E+00
+1.400000E-07,-8.399999E-04,-5.199999E-03,-1.000000E-02,-1.810000E+00
+1.420000E-07,-1.280000E-03,-4.400000E-03,-1.000000E-02,-1.810000E+00
+1.440000E-07,-6.400000E-04,-4.400000E-03,-1.000000E-02,-1.830000E+00
+1.460000E-07,-1.120000E-03,-4.400000E-03,-1.000000E-02,-1.810000E+00
+1.480000E-07,-5.200000E-04,-3.600001E-03,-1.000000E-02,-1.810000E+00
+1.500000E-07,-1.120000E-03,-3.600001E-03,-1.000000E-02,-1.810000E+00
+1.520000E-07,-4.400001E-04,-2.799999E-03,-1.000000E-02,-1.830000E+00
+1.540000E-07,-1.040000E-03,-3.600001E-03,-1.000000E-02,-1.810000E+00
+1.560000E-07,-5.200000E-04,-2.799999E-03,-1.000000E-02,-1.830000E+00
+1.580000E-07,-6.400000E-04,-2.799999E-03,-1.000000E-02,-1.810000E+00
+1.600000E-07,-9.600001E-04,-2.799999E-03,-1.000000E-02,-1.810000E+00
+1.620000E-07,-5.600001E-04,-2.799999E-03,-1.000000E-02,-1.810000E+00
+1.640000E-07,-8.000000E-04,-2.000000E-03,-1.000000E-02,-1.810000E+00
+1.660000E-07,-8.000000E-04,-2.000000E-03,-1.000000E-02,-1.810000E+00
+1.680000E-07,-5.200000E-04,-2.000000E-03,-1.000000E-02,-1.810000E+00
+1.700000E-07,-5.999999E-04,-2.000000E-03,-1.000000E-02,-1.810000E+00
+1.720000E-07,-7.199999E-04,-1.200002E-03,-1.000000E-02,-1.810000E+00
+1.740000E-07,-4.000000E-04,-1.200002E-03,-1.000000E-02,-1.810000E+00
+1.760000E-07,-6.400000E-04,-1.200002E-03,-1.000000E-02,-1.810000E+00
+1.780000E-07,-7.600000E-04,-2.000000E-03,-1.000000E-02,-1.810000E+00
+1.800000E-07,-6.400000E-04,-1.200002E-03,-1.000000E-02,-1.810000E+00
+1.820000E-07,-6.800001E-04,-1.200002E-03,-1.000000E-02,-1.790000E+00
+1.840000E-07,-5.200000E-04,-3.999993E-04,-1.000000E-02,-1.810000E+00
+1.860000E-07,-8.799999E-04,-2.000000E-03,-1.000000E-02,-1.810000E+00
+1.880000E-07,-4.799999E-04,-3.999993E-04,-1.000000E-02,-1.810000E+00
+1.900000E-07,-8.799999E-04,-1.200002E-03,-1.000000E-02,-1.810000E+00
+1.920000E-07,-1.200000E-04,-3.999993E-04,-1.000000E-02,-1.810000E+00
+1.940000E-07,-6.400000E-04,-1.200002E-03,-1.000000E-02,-1.810000E+00
+1.960000E-07,-4.799999E-04,-1.200002E-03,-1.000000E-02,-1.810000E+00
+1.980000E-07,-5.999999E-04,-3.999993E-04,-1.000000E-02,-1.810000E+00
+2.000000E-07,-5.600001E-04,-1.200002E-03,-1.000000E-02,-1.830000E+00
+2.020000E-07,-6.400000E-04,-3.999993E-04,-1.000000E-02,-1.810000E+00
+2.040000E-07,-4.400001E-04,+3.999993E-04,-1.000000E-02,-1.830000E+00
+2.060000E-07,-4.000000E-04,-1.200002E-03,-1.000000E-02,-1.810000E+00
+2.080000E-07,-7.600000E-04,-1.200002E-03,-1.000000E-02,-1.810000E+00
+2.100000E-07,-2.800000E-04,-1.200002E-03,-1.000000E-02,-1.810000E+00
+2.120000E-07,-7.199999E-04,-3.999993E-04,-1.000000E-02,-1.810000E+00
+2.140000E-07,-4.000000E-04,+3.999993E-04,-1.000000E-02,-1.810000E+00
+2.160000E-07,-8.000000E-04,+3.999993E-04,-1.000000E-02,-1.830000E+00
+2.180000E-07,-4.000000E-04,-3.999993E-04,-1.000000E-02,-1.810000E+00
+2.200000E-07,-7.199999E-04,-3.999993E-04,-1.000000E-02,-1.810000E+00
+2.220000E-07,-2.800000E-04,-3.999993E-04,-1.000000E-02,-1.810000E+00
+2.240000E-07,-5.200000E-04,-3.999993E-04,-1.000000E-02,-1.790000E+00
+2.260000E-07,-6.800001E-04,-3.999993E-04,-1.000000E-02,-1.790000E+00
+2.280000E-07,-4.799999E-04,-3.999993E-04,-1.000000E-02,-1.810000E+00
+2.300000E-07,-7.600000E-04,-3.999993E-04,-1.000000E-02,-1.810000E+00
+2.320000E-07,-4.799999E-04,-3.999993E-04,-1.000000E-02,-1.810000E+00
+2.340000E-07,-3.599999E-04,+3.999993E-04,-1.000000E-02,-1.810000E+00
+2.360000E-07,-4.000000E-04,+1.199998E-03,-1.000000E-02,-1.810000E+00
+2.380000E-07,-8.000000E-04,-3.999993E-04,-1.000000E-02,-1.810000E+00
+2.400000E-07,-4.000000E-04,-3.999993E-04,-1.000000E-02,-1.810000E+00
+2.420000E-07,-6.400000E-04,+3.999993E-04,-1.000000E-02,-1.810000E+00
+2.440000E-07,-2.800000E-04,+3.999993E-04,-1.000000E-02,-1.810000E+00
+2.460000E-07,-8.399999E-04,-3.999993E-04,-1.000000E-02,-1.810000E+00
+2.480000E-07,-3.599999E-04,+3.999993E-04,-1.000000E-02,-1.810000E+00
+2.500000E-07,-7.199999E-04,+3.999993E-04,-1.000000E-02,-1.810000E+00
+2.520000E-07,-2.800000E-04,-3.999993E-04,-1.000000E-02,-1.810000E+00
+2.540000E-07,-5.600001E-04,-3.999993E-04,-1.000000E-02,-1.810000E+00
+2.560000E-07,-5.200000E-04,-3.999993E-04,-1.000000E-02,-1.810000E+00
+2.580000E-07,-4.799999E-04,-3.999993E-04,-1.000000E-02,-1.810000E+00
+2.600000E-07,-5.999999E-04,-3.999993E-04,-1.000000E-02,-1.810000E+00
+2.620000E-07,-4.799999E-04,+3.999993E-04,-1.000000E-02,-1.810000E+00
+2.640000E-07,-5.999999E-04,+3.999993E-04,-1.000000E-02,-1.830000E+00
+2.660000E-07,-4.799999E-04,-1.200002E-03,-1.000000E-02,-1.810000E+00
+2.680000E-07,-6.400000E-04,-3.999993E-04,-1.000000E-02,-1.830000E+00
+2.700000E-07,-3.599999E-04,+3.999993E-04,-1.000000E-02,-1.810000E+00
+2.720000E-07,-6.400000E-04,-3.999993E-04,-1.000000E-02,-1.830000E+00
+2.740000E-07,-4.400001E-04,-3.999993E-04,-1.000000E-02,-1.810000E+00
+2.760000E-07,-5.200000E-04,-3.999993E-04,-1.000000E-02,-1.810000E+00
+2.780000E-07,-6.400000E-04,+3.999993E-04,-1.000000E-02,-1.810000E+00
+2.800000E-07,-6.800001E-04,+3.999993E-04,-1.000000E-02,-1.830000E+00
+2.820000E-07,-4.000000E-04,-3.999993E-04,-1.000000E-02,-1.810000E+00
+2.840000E-07,-4.000000E-04,+3.999993E-04,-1.000000E-02,-1.810000E+00
+2.860000E-07,-6.800001E-04,-3.999993E-04,-1.000000E-02,-1.810000E+00
+2.880000E-07,-3.599999E-04,-3.999993E-04,-1.000000E-02,-1.810000E+00
+2.900000E-07,-7.199999E-04,-3.999993E-04,-1.000000E-02,-1.810000E+00
+2.920000E-07,-3.599999E-04,-3.999993E-04,-1.000000E-02,-1.810000E+00
+2.940000E-07,-5.999999E-04,+3.999993E-04,-1.000000E-02,-1.810000E+00
+2.960000E-07,-1.999999E-04,-3.999993E-04,-1.000000E-02,-1.830000E+00
+2.980000E-07,-8.399999E-04,+3.999993E-04,-1.000000E-02,-1.810000E+00
+3.000000E-07,-1.600001E-04,+3.999993E-04,-1.000000E-02,-1.810000E+00
+3.020000E-07,-5.999999E-04,-3.999993E-04,-1.000000E-02,-1.810000E+00
+3.040000E-07,-4.400001E-04,+3.999993E-04,-1.000000E-02,-1.810000E+00
+3.060000E-07,-4.799999E-04,-3.999993E-04,-1.000000E-02,-1.810000E+00
+3.080000E-07,-5.600001E-04,-3.999993E-04,-1.000000E-02,-1.810000E+00
+3.100000E-07,-3.599999E-04,-3.999993E-04,-1.000000E-02,-1.810000E+00
+3.120000E-07,-5.200000E-04,-1.200002E-03,-1.000000E-02,-1.810000E+00
+3.140000E-07,-4.000000E-04,-3.999993E-04,-1.000000E-02,-1.810000E+00
+3.160000E-07,-8.000000E-04,+3.999993E-04,-1.000000E-02,-1.810000E+00
+3.180000E-07,-2.800000E-04,-3.999993E-04,-1.000000E-02,-1.810000E+00
+3.200000E-07,-6.400000E-04,-3.999993E-04,-1.000000E-02,-1.810000E+00
+3.220000E-07,-4.799999E-04,+3.999993E-04,-1.000000E-02,-1.810000E+00
+3.240000E-07,-5.999999E-04,+3.999993E-04,-1.000000E-02,-1.810000E+00
+3.260000E-07,-4.000000E-04,+3.999993E-04,-1.000000E-02,-1.810000E+00
+3.280000E-07,-5.600001E-04,+1.199998E-03,-1.000000E-02,-1.830000E+00
+3.300000E-07,-3.599999E-04,-3.999993E-04,-1.000000E-02,-1.810000E+00
+3.320000E-07,-4.400001E-04,-3.999993E-04,-1.000000E-02,-1.810000E+00
+3.340000E-07,-5.600001E-04,-3.999993E-04,-1.000000E-02,-1.810000E+00
+3.360000E-07,-3.599999E-04,+3.999993E-04,-1.000000E-02,-1.810000E+00
+3.380000E-07,-7.199999E-04,+3.999993E-04,-1.000000E-02,-1.810000E+00
+3.400000E-07,-3.199999E-04,-3.999993E-04,-1.000000E-02,-1.810000E+00
+3.420000E-07,-6.800001E-04,+3.999993E-04,-1.000000E-02,-1.810000E+00
+3.440000E-07,-3.199999E-04,+3.999993E-04,-1.000000E-02,-1.810000E+00
+3.460000E-07,-7.199999E-04,-3.999993E-04,-1.000000E-02,-1.810000E+00
+3.480000E-07,-1.999999E-04,-3.999993E-04,-1.000000E-02,-1.810000E+00
